algoritmo,tiempo_segundos,memoria_bytes,extra
QuickSort,3.430730600000061,20518022,pedidos.csv
MergeSort,3.92703419999998,20495806,pedidos.csv
Dijkstra,0.007307500000024447,11680,rutas.csv
A*,0.010421300000416522,13704,rutas.csv
Hungaro,0.1589057999999568,1203792,asignacion.csv
Greedy,1.2991377999996985,1138932,asignacion.csv
