algoritmo,tiempo_segundos,memoria_bytes,extra
QuickSort,0.02517200000147568,318715,pedidos.csv
MergeSort,0.005326400001649745,296779,pedidos.csv
Dijkstra,0.00019130000146105886,952,rutas.csv
A*,0.00022419999731937423,5352,rutas.csv
Hungaro,0.017022799998812843,293267,asignacion.csv
Greedy,0.007935699999507051,293195,asignacion.csv
